"","S110","S123","S68","S57","S22","S104","S98","S46","S140","S42","S107","S23","S144","S48","S55","S119","S89","S92"
"A[C>A]A",23,0,0,0,0,0,10,5,0,0,0,0,0,0,15,0,19,19
"A[C>A]C",0,3,0,16,0,0,0,0,0,47,0,11,0,0,0,1,0,8
"A[C>A]G",7,0,2,0,0,3,0,0,2,6,0,0,0,0,0,0,9,0
"A[C>A]T",0,0,0,0,7,12,19,12,0,23,0,5,0,4,11,16,25,0
"C[C>A]A",0,0,0,5,0,0,0,0,0,0,0,0,0,0,0,0,0,0
"C[C>A]C",12,0,0,0,24,0,0,0,0,0,4,0,8,0,14,11,0,0
"C[C>A]G",5,0,0,0,0,7,18,0,3,0,0,0,0,13,0,8,9,0
"C[C>A]T",0,0,0,0,10,0,0,18,0,0,0,0,0,0,31,0,0,0
"G[C>A]A",27,0,0,0,109,30,0,0,0,14,3,0,9,0,98,1,0,0
"G[C>A]C",0,0,0,2,93,0,3,0,0,0,0,2,0,0,57,0,0,0
"G[C>A]G",9,5,0,0,23,5,11,2,0,7,2,2,10,0,23,0,0,5
"G[C>A]T",3,0,0,0,123,55,0,0,0,6,51,14,7,0,95,0,22,0
"T[C>A]A",0,0,0,0,112,0,0,0,0,0,0,0,0,0,25,0,0,0
"T[C>A]C",0,0,0,0,110,0,0,0,0,18,0,0,0,0,104,0,0,0
"T[C>A]G",0,0,0,2,19,0,0,0,0,0,0,1,0,0,26,0,4,0
"T[C>A]T",0,0,0,19,127,0,0,0,0,0,0,11,0,0,84,0,0,0
"A[C>G]A",0,0,0,0,0,27,12,0,0,0,0,0,2,0,6,11,0,1
"A[C>G]C",0,0,0,0,4,0,7,0,21,30,0,0,6,5,0,0,0,0
"A[C>G]G",0,0,0,0,0,0,0,0,0,0,0,4,4,0,6,0,0,0
"A[C>G]T",0,0,1,0,0,0,7,2,0,0,0,0,0,0,0,0,1,0
"C[C>G]A",0,0,0,0,0,0,0,40,0,31,0,0,0,23,0,0,0,0
"C[C>G]C",0,0,0,0,0,0,4,0,0,17,2,0,0,1,0,0,0,0
"C[C>G]G",0,0,0,0,0,0,0,0,0,1,0,0,0,0,0,0,0,0
"C[C>G]T",0,0,0,0,0,0,0,0,0,7,0,9,0,11,0,0,0,0
"G[C>G]A",0,0,0,13,0,0,0,0,0,0,0,0,0,0,0,0,0,3
"G[C>G]C",0,0,0,16,0,30,0,0,9,0,12,0,0,0,0,0,0,18
"G[C>G]G",0,0,1,0,0,0,0,0,3,4,13,0,0,0,0,0,7,0
"G[C>G]T",13,0,0,0,0,0,4,0,4,0,0,0,0,0,0,0,0,2
"T[C>G]A",0,0,0,0,0,0,0,0,0,27,0,0,0,21,0,0,0,0
"T[C>G]C",2,0,0,0,0,0,0,0,0,20,0,3,12,0,8,1,0,0
"T[C>G]G",0,0,0,0,0,0,0,0,0,0,0,0,0,0,0,0,0,0
"T[C>G]T",0,0,0,0,0,0,13,0,0,24,0,0,9,0,0,0,0,0
"A[C>T]A",0,0,5,0,0,0,0,0,0,0,0,4,0,0,0,0,0,0
"A[C>T]C",13,15,0,0,0,45,0,19,2,0,21,0,0,0,0,10,7,0
"A[C>T]G",0,0,0,0,0,0,41,0,0,0,0,0,0,0,0,0,0,0
"A[C>T]T",0,0,12,0,0,0,0,0,0,0,0,0,32,0,0,0,0,18
"C[C>T]A",0,0,0,0,0,0,0,0,0,0,0,0,0,0,0,0,0,0
"C[C>T]C",14,0,14,6,22,14,24,0,28,0,14,13,21,0,22,0,0,48
"C[C>T]G",0,0,0,0,0,0,52,0,0,0,7,0,0,0,0,15,0,16
"C[C>T]T",0,0,64,0,0,0,0,0,0,0,0,0,0,0,0,0,0,0
"G[C>T]A",86,32,12,17,35,72,59,40,17,0,5,9,15,37,0,37,25,79
"G[C>T]C",196,206,134,100,108,225,114,154,226,0,130,35,209,18,59,207,138,129
"G[C>T]G",30,11,0,0,5,0,0,4,0,0,13,0,0,0,0,0,0,14
"G[C>T]T",68,38,36,38,39,70,72,39,47,0,23,9,8,7,38,40,28,51
"T[C>T]A",0,0,5,44,18,0,0,0,6,0,13,0,0,22,0,0,0,0
"T[C>T]C",0,16,0,0,0,13,0,0,6,0,24,0,0,0,0,0,12,15
"T[C>T]G",0,0,4,0,0,0,37,0,0,0,0,0,2,0,0,0,0,21
"T[C>T]T",0,0,0,0,52,0,0,0,33,0,0,0,0,0,0,0,0,53
"A[T>A]A",0,0,0,0,0,0,0,0,0,0,0,0,0,0,0,0,0,0
"A[T>A]C",0,0,0,0,0,0,17,8,15,21,26,0,23,0,0,0,13,0
"A[T>A]G",0,0,0,0,0,0,0,0,0,0,0,0,0,0,0,0,0,0
"A[T>A]T",0,0,0,0,0,10,0,6,25,0,0,22,1,9,5,0,0,10
"C[T>A]A",21,0,0,14,1,6,6,30,7,21,5,14,12,11,0,19,0,0
"C[T>A]C",0,0,0,0,0,0,0,0,0,0,0,0,0,0,0,0,0,0
"C[T>A]G",9,0,2,0,0,0,15,2,0,0,0,0,0,0,2,0,0,0
"C[T>A]T",0,0,0,0,0,0,0,0,0,0,0,0,0,33,0,0,0,0
"G[T>A]A",0,0,0,0,0,0,0,0,0,0,0,0,0,0,0,13,0,0
"G[T>A]C",0,6,30,0,0,7,0,0,0,0,6,0,0,0,0,0,11,0
"G[T>A]G",0,0,0,0,0,0,0,0,0,4,0,0,0,0,0,4,14,14
"G[T>A]T",0,0,0,20,0,0,0,0,0,7,0,7,0,0,0,0,0,0
"T[T>A]A",0,0,0,0,0,0,0,0,0,13,0,0,0,0,0,0,0,0
"T[T>A]C",0,0,0,0,0,0,0,0,0,85,0,17,0,0,0,0,0,0
"T[T>A]G",0,0,0,0,0,0,0,0,0,0,0,0,0,18,0,0,0,0
"T[T>A]T",0,0,0,15,0,0,0,0,9,0,0,0,0,0,0,0,0,0
"A[T>C]A",16,0,0,0,0,0,0,0,20,0,0,37,17,4,0,0,0,0
"A[T>C]C",0,21,0,0,0,0,0,0,0,36,0,0,0,0,0,0,17,0
"A[T>C]G",0,0,0,0,0,0,3,0,0,34,0,0,0,0,0,0,0,0
"A[T>C]T",12,28,53,0,0,36,22,19,9,42,0,0,38,0,0,67,0,13
"C[T>C]A",14,47,0,0,0,0,6,14,0,0,28,6,0,57,0,0,25,11
"C[T>C]C",0,0,0,0,0,0,49,0,0,0,0,0,0,0,0,0,34,0
"C[T>C]G",11,0,27,7,0,22,36,8,6,0,49,0,0,0,0,0,53,0
"C[T>C]T",0,26,0,0,0,0,17,0,0,0,5,0,0,0,0,0,25,0
"G[T>C]A",8,1,0,13,0,0,0,0,9,0,0,0,0,0,0,0,0,0
"G[T>C]C",0,0,12,0,0,0,2,0,6,0,0,0,0,0,0,0,11,30
"G[T>C]G",6,6,0,0,0,3,0,0,0,0,0,0,6,0,0,0,10,0
"G[T>C]T",0,0,0,0,0,0,0,0,0,4,0,0,0,0,0,0,4,0
"T[T>C]A",0,0,0,0,0,0,0,0,0,0,0,0,0,15,0,0,0,0
"T[T>C]C",39,0,18,0,0,0,2,0,27,0,0,0,0,0,0,0,0,0
"T[T>C]G",9,0,0,38,0,0,0,0,32,0,0,0,0,10,0,32,0,0
"T[T>C]T",1,9,0,0,0,0,0,0,0,0,0,0,0,0,0,0,0,0
"A[T>G]A",0,0,0,0,0,0,13,0,0,0,0,0,0,0,0,0,0,43
"A[T>G]C",0,0,0,0,0,0,0,3,0,0,0,0,0,0,0,0,0,0
"A[T>G]G",0,0,0,0,0,0,0,6,0,0,0,0,0,2,3,13,0,19
"A[T>G]T",0,0,0,0,0,0,1,0,0,0,0,0,2,0,0,0,12,20
"C[T>G]A",0,6,0,0,0,0,0,0,0,0,36,0,0,7,0,0,0,0
"C[T>G]C",0,0,0,0,0,0,5,8,0,5,0,2,11,5,0,12,0,0
"C[T>G]G",0,0,0,0,0,0,0,0,0,0,0,18,0,4,0,0,0,0
"C[T>G]T",0,0,0,0,0,0,0,0,0,0,0,26,0,55,0,0,0,0
"G[T>G]A",0,0,0,0,0,0,0,5,2,22,0,5,7,0,0,0,13,30
"G[T>G]C",8,5,4,0,0,5,8,0,0,0,3,15,0,0,0,8,22,12
"G[T>G]G",0,3,14,0,0,16,16,0,1,0,1,0,4,0,0,0,7,31
"G[T>G]T",0,0,0,0,0,0,0,0,0,0,0,0,0,7,9,1,4,4
"T[T>G]A",0,0,0,0,0,0,0,0,0,36,0,35,0,0,0,0,0,0
"T[T>G]C",0,4,0,3,0,3,0,21,0,48,0,18,2,11,0,0,0,3
"T[T>G]G",0,0,0,0,0,0,0,0,0,357,0,0,0,196,0,0,0,0
"T[T>G]T",0,0,0,0,0,0,0,0,0,20,0,12,4,0,0,3,0,14
