"","S40","S127","S11","S77","S135","S142","S25","S131","S15","S120","S109","S133","S122","S71","S94","S96","S95","S18"
"A[C>A]A",0,0,0,2,4,3,68,0,0,0,0,58,0,19,0,0,0,19
"A[C>A]C",0,0,0,36,0,0,32,0,0,0,0,0,0,0,0,0,0,0
"A[C>A]G",0,3,0,0,0,0,9,0,0,0,0,0,0,0,0,0,0,0
"A[C>A]T",0,0,0,0,0,0,65,0,6,0,0,23,11,0,0,0,3,10
"C[C>A]A",0,0,0,0,0,0,11,0,0,0,0,0,0,0,0,0,0,0
"C[C>A]C",0,5,29,3,4,0,24,0,0,0,0,16,0,0,0,0,71,7
"C[C>A]G",0,0,0,0,0,0,10,6,0,0,0,0,0,0,0,3,0,0
"C[C>A]T",0,0,0,0,0,0,10,0,0,0,0,15,0,0,0,0,0,0
"G[C>A]A",0,3,136,2,0,0,146,0,0,0,0,110,0,0,0,0,201,63
"G[C>A]C",0,0,94,0,0,0,66,0,0,0,0,52,0,0,0,0,138,39
"G[C>A]G",0,0,50,3,0,0,33,0,0,0,5,28,0,0,0,0,52,14
"G[C>A]T",0,0,92,0,0,0,119,0,0,6,0,71,10,0,5,0,194,43
"T[C>A]A",0,0,100,0,0,0,87,0,0,0,0,33,0,0,0,0,197,30
"T[C>A]C",0,0,174,0,0,10,74,0,0,21,0,92,0,0,0,0,217,12
"T[C>A]G",0,0,35,0,1,3,16,0,0,0,0,20,0,0,0,0,58,0
"T[C>A]T",0,0,106,19,0,0,120,0,16,0,0,90,0,0,0,0,133,61
"A[C>G]A",0,0,0,27,10,0,0,0,0,22,0,0,5,0,11,0,0,14
"A[C>G]C",0,0,0,8,26,0,0,0,0,8,0,0,0,0,0,0,0,0
"A[C>G]G",0,0,0,9,0,0,0,0,0,0,0,0,0,0,0,9,0,0
"A[C>G]T",0,0,0,0,0,3,0,0,0,0,0,0,0,0,0,0,0,0
"C[C>G]A",0,0,0,0,0,0,0,0,0,0,0,0,0,0,0,0,0,0
"C[C>G]C",0,0,0,0,0,0,0,0,0,4,0,0,0,0,0,2,0,0
"C[C>G]G",0,0,0,0,5,0,0,0,0,5,0,0,0,0,1,0,0,0
"C[C>G]T",13,7,0,0,0,0,0,0,0,0,0,0,0,0,0,0,0,0
"G[C>G]A",0,0,0,0,0,0,0,8,0,0,0,0,0,0,0,0,0,0
"G[C>G]C",0,0,0,3,8,0,0,11,0,0,0,0,1,0,0,0,0,0
"G[C>G]G",0,0,0,0,0,3,2,0,0,8,0,0,2,0,0,0,0,0
"G[C>G]T",0,0,0,0,0,0,0,0,0,0,0,0,0,0,0,0,0,0
"T[C>G]A",58,0,0,0,0,0,0,0,0,0,0,0,0,0,0,0,0,0
"T[C>G]C",0,0,0,56,0,0,0,0,0,0,0,0,0,0,0,0,0,0
"T[C>G]G",0,0,0,0,0,0,0,0,0,0,0,0,0,0,0,0,0,0
"T[C>G]T",0,0,0,0,0,0,0,0,0,0,0,0,0,0,0,0,0,0
"A[C>T]A",0,0,0,0,0,0,0,0,0,0,0,0,0,0,33,0,0,0
"A[C>T]C",0,0,0,0,0,9,0,0,0,0,0,0,0,0,0,0,0,0
"A[C>T]G",0,0,0,0,0,0,0,0,0,0,0,0,0,0,0,0,0,0
"A[C>T]T",0,0,0,0,0,0,0,0,0,0,0,0,0,0,0,0,0,0
"C[C>T]A",0,0,0,0,0,0,0,0,0,0,0,0,0,0,0,0,0,0
"C[C>T]C",0,0,0,0,30,0,0,0,0,0,13,0,26,14,0,21,4,0
"C[C>T]G",0,0,0,0,0,0,0,0,0,0,0,0,0,0,0,0,0,0
"C[C>T]T",0,0,0,0,0,0,0,0,0,0,0,0,0,0,0,0,0,0
"G[C>T]A",0,6,24,0,0,1,37,20,1,0,0,17,46,0,0,16,0,0
"G[C>T]C",0,63,127,0,94,100,77,176,0,0,0,0,136,118,57,121,44,13
"G[C>T]G",0,0,0,0,0,0,0,0,0,0,0,0,0,0,0,0,0,0
"G[C>T]T",0,41,0,0,22,28,0,45,0,0,0,0,46,29,5,29,0,0
"T[C>T]A",0,0,0,0,0,0,0,0,0,0,0,0,0,0,0,0,0,0
"T[C>T]C",0,0,0,0,0,0,0,0,0,0,0,0,0,0,0,31,0,0
"T[C>T]G",0,0,0,0,0,0,0,0,0,0,0,0,0,0,0,0,0,0
"T[C>T]T",0,0,0,9,0,9,0,0,0,0,0,1,18,0,0,1,0,0
"A[T>A]A",0,0,0,0,0,0,0,0,0,0,0,0,0,0,0,0,0,0
"A[T>A]C",0,4,0,10,0,0,0,12,18,16,0,6,0,0,0,0,0,0
"A[T>A]G",0,0,0,0,0,0,0,10,0,2,0,0,0,0,0,0,0,0
"A[T>A]T",0,23,0,3,0,0,0,0,12,0,0,0,12,0,0,0,0,11
"C[T>A]A",36,0,10,27,5,17,0,0,52,22,0,0,16,0,21,0,6,18
"C[T>A]C",0,0,0,0,0,0,0,0,0,0,4,0,0,0,0,0,0,0
"C[T>A]G",3,0,0,0,7,0,0,0,0,0,0,0,0,3,0,6,0,0
"C[T>A]T",0,0,0,0,0,0,0,0,0,0,0,0,0,0,0,0,0,0
"G[T>A]A",0,0,0,13,1,0,0,0,34,0,0,0,0,7,0,0,0,0
"G[T>A]C",0,6,0,8,0,0,0,6,0,0,1,0,0,1,0,0,0,0
"G[T>A]G",0,0,0,0,0,0,0,0,0,23,0,0,0,0,0,0,0,0
"G[T>A]T",0,0,0,0,0,0,0,0,0,0,0,0,0,0,0,0,0,0
"T[T>A]A",0,0,0,33,0,0,0,0,4,0,0,0,0,0,0,0,0,0
"T[T>A]C",0,0,0,23,0,0,0,0,19,24,0,0,0,0,0,0,0,0
"T[T>A]G",0,0,0,0,0,0,0,0,0,0,0,0,0,0,0,0,0,0
"T[T>A]T",0,0,0,0,0,0,0,0,0,0,0,0,0,0,0,0,0,0
"A[T>C]A",0,0,0,0,0,0,0,0,0,0,0,0,0,0,0,0,0,0
"A[T>C]C",0,0,0,0,0,0,0,0,0,0,0,0,0,0,0,0,0,0
"A[T>C]G",0,0,0,0,0,0,0,0,0,0,0,0,0,0,0,0,0,0
"A[T>C]T",0,0,0,26,3,0,0,0,0,15,5,0,0,0,0,0,5,0
"C[T>C]A",0,0,0,0,0,0,0,0,0,0,0,0,0,0,0,0,0,0
"C[T>C]C",0,0,0,0,0,0,0,0,0,0,1,0,0,3,0,8,0,0
"C[T>C]G",0,0,4,0,3,0,16,0,0,0,12,0,30,0,0,6,0,0
"C[T>C]T",0,0,0,0,0,0,0,0,0,0,0,0,0,0,0,0,0,0
"G[T>C]A",0,0,0,0,0,0,0,0,0,0,0,0,0,0,0,0,0,0
"G[T>C]C",0,0,0,0,6,0,0,0,0,0,5,0,0,0,0,5,0,0
"G[T>C]G",0,0,0,0,0,0,0,2,0,0,0,0,0,0,0,0,0,0
"G[T>C]T",0,0,0,0,0,0,0,0,0,0,0,0,0,0,0,0,0,0
"T[T>C]A",7,0,0,0,0,0,0,0,0,0,0,0,0,0,0,0,0,0
"T[T>C]C",0,14,0,0,0,1,0,0,0,0,0,0,0,0,0,0,0,0
"T[T>C]G",0,0,0,0,0,0,35,0,0,0,0,0,0,0,0,0,0,0
"T[T>C]T",0,1,0,0,0,0,0,0,0,0,0,0,0,0,0,0,0,0
"A[T>G]A",0,0,0,0,0,0,0,0,0,0,0,0,0,0,0,0,0,0
"A[T>G]C",0,0,0,0,0,0,0,0,0,0,0,0,0,0,0,0,0,0
"A[T>G]G",0,0,0,0,0,0,0,0,0,0,0,0,0,2,0,0,0,0
"A[T>G]T",0,0,0,0,0,0,0,0,10,0,0,0,0,0,0,0,0,13
"C[T>G]A",0,0,0,0,0,0,0,0,0,29,1,0,0,0,0,0,0,0
"C[T>G]C",2,0,0,0,0,9,0,0,0,0,0,1,7,4,0,0,0,5
"C[T>G]G",0,0,0,0,0,0,0,0,0,0,0,0,0,0,0,0,0,0
"C[T>G]T",0,0,0,0,0,0,0,0,0,0,0,0,0,0,0,0,0,0
"G[T>G]A",0,0,0,8,0,0,0,0,13,22,0,0,0,0,0,0,15,0
"G[T>G]C",0,0,0,15,0,0,0,0,0,0,0,0,8,0,0,0,0,0
"G[T>G]G",0,0,0,0,0,0,0,0,0,10,1,0,0,4,1,0,0,0
"G[T>G]T",0,0,0,0,0,7,0,0,2,0,0,4,0,0,0,0,0,0
"T[T>G]A",0,0,0,0,0,0,0,0,0,18,0,0,0,0,0,0,0,0
"T[T>G]C",0,0,3,44,0,9,0,0,24,11,0,0,0,0,0,8,0,0
"T[T>G]G",306,0,0,0,0,0,0,0,0,59,0,0,0,0,0,0,0,0
"T[T>G]T",0,0,0,0,0,0,0,0,0,0,0,0,0,0,0,0,0,0
