"","S129","S67","S111","S64","S56","S41","S19","S84","S9","S116","S43","S4","S126","S105","S20","S34","S141","S60"
"A[C>A]A",0,0,3,0,0,1,0,0,0,0,0,28,31,12,0,28,10,0
"A[C>A]C",29,0,46,7,0,0,0,0,0,0,0,8,0,0,28,16,35,12
"A[C>A]G",6,0,0,0,0,0,0,2,0,0,0,0,0,0,0,0,0,0
"A[C>A]T",0,3,0,0,0,8,0,0,0,0,0,16,3,0,2,0,11,14
"C[C>A]A",0,6,0,11,0,0,0,0,0,0,0,15,0,0,0,4,0,0
"C[C>A]C",0,0,0,13,0,0,0,0,0,17,0,6,0,0,6,0,0,0
"C[C>A]G",0,0,0,16,0,0,0,0,0,0,0,1,7,4,1,17,0,4
"C[C>A]T",0,0,0,21,0,0,0,0,0,0,5,0,0,0,2,0,28,24
"G[C>A]A",15,0,12,0,0,0,0,0,0,0,0,10,13,0,0,0,15,0
"G[C>A]C",0,0,0,0,0,0,0,0,0,0,0,0,0,0,0,0,0,0
"G[C>A]G",1,12,5,0,0,0,0,2,0,0,0,7,1,0,0,6,16,6
"G[C>A]T",91,0,14,5,0,0,0,31,0,2,0,22,3,0,88,80,1,9
"T[C>A]A",26,0,11,0,155,0,0,0,220,0,7,0,0,0,0,0,0,0
"T[C>A]C",0,21,42,31,0,0,0,0,0,0,0,0,0,0,0,0,21,25
"T[C>A]G",0,8,0,0,0,0,0,0,6,0,0,0,0,0,0,8,0,0
"T[C>A]T",0,0,0,18,0,0,0,0,0,0,0,10,10,0,0,0,0,0
"A[C>G]A",11,0,6,0,0,0,1,13,0,0,0,0,10,2,0,0,9,2
"A[C>G]C",0,31,29,0,0,0,38,16,0,0,0,0,2,0,0,0,13,12
"A[C>G]G",0,0,0,0,0,0,0,0,0,1,0,0,0,0,0,3,3,0
"A[C>G]T",0,0,0,0,0,0,0,0,0,15,0,4,0,0,0,0,0,0
"C[C>G]A",0,0,5,0,82,36,1,0,35,11,11,0,0,8,0,0,0,0
"C[C>G]C",13,0,7,0,3,2,12,1,0,0,0,5,0,11,0,4,0,0
"C[C>G]G",0,0,0,2,0,0,4,0,0,0,0,0,0,0,0,7,0,0
"C[C>G]T",0,0,0,0,39,3,0,14,3,0,8,0,0,0,0,0,0,24
"G[C>G]A",0,0,0,2,9,0,1,0,0,0,0,0,0,0,0,18,0,0
"G[C>G]C",0,0,0,0,0,0,6,7,0,0,0,0,0,8,13,9,0,5
"G[C>G]G",0,0,0,0,0,0,3,0,0,0,0,0,0,1,0,8,0,8
"G[C>G]T",0,0,0,0,0,0,0,0,0,0,0,0,0,0,0,3,0,0
"T[C>G]A",1,0,0,0,164,48,1,0,163,0,67,0,0,0,0,0,0,0
"T[C>G]C",0,0,10,0,0,0,0,0,0,14,0,0,0,0,3,15,0,9
"T[C>G]G",0,0,0,0,22,0,0,0,0,0,31,0,0,0,0,0,0,0
"T[C>G]T",9,0,12,0,12,0,0,0,1,0,3,0,0,0,0,1,0,0
"A[C>T]A",0,0,0,0,0,0,0,4,0,0,0,0,0,0,0,0,14,0
"A[C>T]C",0,0,0,0,0,0,0,0,0,0,0,0,4,0,71,0,27,0
"A[C>T]G",0,0,0,0,0,0,0,0,0,0,0,0,0,0,0,2,0,0
"A[C>T]T",0,0,0,0,0,0,0,0,0,0,0,0,0,5,0,0,8,0
"C[C>T]A",0,0,0,0,0,0,0,0,0,0,0,0,0,0,6,0,0,0
"C[C>T]C",0,31,0,0,0,0,0,41,0,0,0,36,0,12,33,54,2,5
"C[C>T]G",11,22,0,0,0,0,0,0,0,0,0,14,25,6,0,21,1,0
"C[C>T]T",0,20,0,0,0,0,0,0,0,0,0,0,0,0,0,0,0,0
"G[C>T]A",0,45,0,43,0,0,2,59,0,49,37,52,52,91,86,0,54,0
"G[C>T]C",0,149,0,89,0,146,76,163,0,0,106,162,172,168,174,0,262,0
"G[C>T]G",0,0,0,0,0,0,0,0,0,0,0,0,0,32,0,1,12,0
"G[C>T]T",0,69,0,14,0,1,0,38,0,14,0,50,57,66,26,0,89,0
"T[C>T]A",25,35,24,66,151,31,32,0,235,2,43,11,7,0,0,62,0,0
"T[C>T]C",0,32,0,33,0,0,0,10,0,0,0,13,0,4,0,11,33,0
"T[C>T]G",1,0,0,1,0,0,0,0,0,0,0,0,0,0,0,0,0,1
"T[C>T]T",0,22,26,1,0,0,0,0,0,0,0,0,0,0,0,0,0,34
"A[T>A]A",0,0,0,0,0,0,0,0,0,0,0,0,0,0,0,0,0,0
"A[T>A]C",30,10,54,17,0,0,0,0,0,19,0,0,0,0,10,0,0,17
"A[T>A]G",0,0,0,0,0,0,0,0,12,0,0,0,0,0,0,0,0,0
"A[T>A]T",31,0,0,0,33,2,16,6,35,27,0,0,0,6,2,0,0,11
"C[T>A]A",25,0,1,48,94,54,6,30,59,21,78,25,24,0,36,24,7,21
"C[T>A]C",0,0,0,0,0,0,0,0,0,3,0,0,20,8,0,0,0,0
"C[T>A]G",0,0,0,0,0,30,0,0,8,0,46,0,0,7,0,0,0,0
"C[T>A]T",0,0,0,0,72,0,0,16,78,44,65,0,0,0,0,11,0,0
"G[T>A]A",34,0,30,0,0,0,5,33,0,0,0,0,0,23,18,0,12,0
"G[T>A]C",0,0,0,1,0,0,0,3,0,7,0,0,0,24,0,0,7,8
"G[T>A]G",5,0,12,1,0,0,0,0,0,0,0,0,0,0,0,0,0,0
"G[T>A]T",17,0,33,0,0,0,0,0,0,0,0,0,0,0,0,0,0,0
"T[T>A]A",26,0,70,0,81,0,19,1,74,11,16,0,0,0,0,5,0,2
"T[T>A]C",4,0,71,0,0,0,0,0,0,45,0,0,0,0,23,20,0,2
"T[T>A]G",0,0,9,0,30,0,0,0,26,0,0,0,0,0,0,0,0,0
"T[T>A]T",11,0,36,9,0,0,24,0,28,0,0,0,0,0,0,0,3,0
"A[T>C]A",35,1,10,0,0,0,0,0,0,0,0,0,24,0,19,0,0,0
"A[T>C]C",2,0,16,3,0,0,0,16,0,27,0,12,31,48,0,0,0,23
"A[T>C]G",0,0,4,0,0,0,11,0,0,3,0,0,0,0,0,0,0,1
"A[T>C]T",0,0,35,25,48,0,18,0,46,37,0,14,0,35,39,0,49,20
"C[T>C]A",0,15,0,0,5,57,0,12,0,10,12,37,4,27,28,0,0,15
"C[T>C]C",0,36,0,0,0,0,0,0,0,0,0,48,80,27,3,26,0,0
"C[T>C]G",0,83,0,0,0,38,66,32,0,0,0,43,78,61,76,26,0,9
"C[T>C]T",15,6,0,0,0,0,0,0,0,0,0,0,0,0,0,17,0,0
"G[T>C]A",0,0,0,22,0,0,0,15,0,0,0,0,0,0,13,0,19,4
"G[T>C]C",0,7,0,0,0,0,0,0,0,0,0,0,27,38,10,0,3,20
"G[T>C]G",0,0,0,24,0,15,0,18,0,0,0,40,0,48,14,0,0,0
"G[T>C]T",41,0,0,0,0,0,0,0,0,18,0,0,0,0,0,0,17,12
"T[T>C]A",0,0,0,0,116,46,0,0,75,0,14,0,0,0,0,0,0,0
"T[T>C]C",0,0,0,0,0,0,0,0,0,0,0,8,2,26,0,0,0,0
"T[T>C]G",0,0,0,0,0,32,10,3,0,56,30,0,19,0,0,0,0,0
"T[T>C]T",0,0,0,0,0,0,0,0,0,0,0,0,3,0,0,0,0,0
"A[T>G]A",0,0,5,0,5,0,1,0,13,0,0,3,0,0,0,13,0,18
"A[T>G]C",16,0,15,0,0,0,0,0,0,4,0,0,0,0,0,0,0,0
"A[T>G]G",0,0,6,0,0,0,0,0,0,0,0,6,4,4,0,0,0,0
"A[T>G]T",0,2,0,0,10,0,0,0,0,0,0,5,0,0,0,0,0,0
"C[T>G]A",0,0,32,0,71,5,0,0,34,0,58,0,0,0,0,7,0,0
"C[T>G]C",23,0,0,3,11,0,6,0,0,12,1,0,0,0,4,0,5,10
"C[T>G]G",14,0,9,0,0,3,0,0,0,0,0,0,0,0,0,0,0,0
"C[T>G]T",0,5,0,0,42,50,0,17,32,0,55,0,0,0,0,0,0,0
"G[T>G]A",1,0,8,0,0,0,0,0,0,2,0,12,0,0,3,0,0,14
"G[T>G]C",0,0,0,4,0,4,3,0,0,19,0,0,0,0,12,0,8,0
"G[T>G]G",0,0,11,2,0,0,0,0,0,0,0,0,1,14,0,11,13,0
"G[T>G]T",0,0,6,0,0,0,10,0,0,5,0,32,0,5,0,0,0,3
"T[T>G]A",0,0,3,0,138,2,8,0,58,0,49,0,0,0,0,0,0,0
"T[T>G]C",54,0,61,0,0,0,14,26,0,50,0,0,10,0,0,1,0,4
"T[T>G]G",138,0,256,0,1668,407,127,0,1308,0,801,0,0,0,0,0,0,0
"T[T>G]T",25,0,0,0,50,0,0,0,46,0,0,0,0,0,0,0,0,0
